id,coords
1,19.4229918%2C-99.1642322
2,19.4205803%2C-99.1591294
3,19.4142857%2C-99.1592041
4,19.414309%2C-99.1580519
5,19.414309%2C-99.1580519
6,19.419022%2C-99.1709307
7,19.413676%2C-99.1654703
8,19.416335%2C-99.1648546
9,19.4130874%2C-99.1634537
10,19.4182051%2C-99.1671974
11,19.4129403%2C-99.1615832
12,19.414309%2C-99.1580519
13,19.419891%2C-99.172019
14,19.4168211%2C-99.1596475
15,19.4205986%2C-99.175132
16,19.414309%2C-99.1580519
17,19.4208119%2C-99.1556128
18,19.41509%2C-99.158728
19,19.415931%2C-99.164594
20,19.414611%2C-99.158197
21,19.4109378%2C-99.1654649
22,19.4186073%2C-99.1696563
23,19.41597%2C-99.1619833
24,19.416524%2C-99.157399
25,19.423792%2C-99.161901
26,19.4205052%2C-99.1587829
27,19.4196927%2C-99.1560364
28,19.4193742%2C-99.171225
29,19.4186259%2C-99.1695609
30,19.412467%2C-99.156227
31,19.4195256%2C-99.162549
32,19.4210293%2C-99.1635414
33,19.417364%2C-99.159454
34,19.4157159%2C-99.1642755
35,19.4195256%2C-99.162549
36,19.4182051%2C-99.1671974
37,19.4141846%2C-99.1597243
38,19.417364%2C-99.159454
39,19.4136766%2C-99.1654682
40,19.4157159%2C-99.1642755
41,19.4195256%2C-99.162549
42,19.4211906%2C-99.1611555
43,19.4152831%2C-99.160323
44,19.4168808%2C-99.1693402
45,19.4192957%2C-99.1635835
46,19.4166856%2C-99.1612588
47,19.4146191%2C-99.1581994
48,19.4234183%2C-99.1557989
49,19.4234183%2C-99.1557989
50,19.4157159%2C-99.1642755
51,19.417043%2C-99.154625
52,19.4190796%2C-99.1709152
53,19.4159086%2C-99.162286
54,19.4182902%2C-99.1667248
55,19.414149%2C-99.1645398
56,19.4165378%2C-99.1659017
57,19.412594%2C-99.1552653
58,19.4211906%2C-99.1611555
59,19.412594%2C-99.1552653
60,19.4159086%2C-99.162286
61,19.419837%2C-99.1695818
62,19.4211777%2C-99.1667885
63,19.4161493%2C-99.1575625
64,19.4181982%2C-99.1671909
65,19.4165256%2C-99.165549
66,19.4210727%2C-99.1557975
67,19.4244343%2C-99.1594778
68,19.4187681%2C-99.173099
69,19.4236389%2C-99.1541224
70,19.4229918%2C-99.1642322
71,19.4205448%2C-99.1598208
72,19.414922%2C-99.1613129
73,19.4142857%2C-99.1592041
74,19.4157141%2C-99.1553039
75,19.4165297%2C-99.1656371
76,19.4195256%2C-99.162549
77,19.4146488%2C-99.1604736
78,19.4159559%2C-99.1585056
79,19.4193053%2C-99.1538106
80,19.4184868%2C-99.1636484
81,19.4159559%2C-99.1585056
82,19.4091797%2C-99.1632065
83,19.4155552%2C-99.1615919
84,19.4183756%2C-99.1698963
85,19.4141267%2C-99.1647512
86,19.4155552%2C-99.1615919
87,19.4142912%2C-99.1660487
88,19.4155552%2C-99.1615919
89,19.4205083%2C-99.1669138
90,19.4204845%2C-99.1719311
91,19.4356338%2C-99.1495107
92,19.4150482%2C-99.1602171
93,19.4195256%2C-99.162549
94,19.4198706%2C-99.1695089
95,19.4195256%2C-99.162549
96,19.4210439%2C-99.1609432
97,19.4210439%2C-99.1609432
98,19.4451%2C-99.1461
99,19.4195256%2C-99.162549
100,19.4451%2C-99.1461
101,19.4202688%2C-99.1642694
102,19.4195256%2C-99.162549
103,19.4195256%2C-99.162549
104,19.4195256%2C-99.162549
105,19.42241%2C-99.1553333
106,19.42119%2C-99.16115
107,19.4205193%2C-99.1676058
108,19.419871%2C-99.169509
109,19.4289499%2C-99.1711628
110,19.4171982%2C-99.1555016
111,19.4153848%2C-99.1619716
112,19.4230063%2C-99.161464
113,19.418827%2C-99.156575
114,19.4168211%2C-99.1596475
115,19.4195256%2C-99.162549
116,19.418827%2C-99.156575
117,19.4230063%2C-99.161464
118,19.4148155%2C-99.1603133
119,19.41597%2C-99.1619833
120,19.4158759%2C-99.1599856
121,19.4234541%2C-99.1619184
122,19.4168211%2C-99.1596475
124,19.4221%2C-99.1591
125,19.4119026%2C-99.1596531
126,19.4159086%2C-99.162286
127,19.4183512%2C-99.1572547
128,19.4195256%2C-99.162549
129,19.4195256%2C-99.162549
130,19.4246112%2C-99.1595467
131,19.415922%2C-99.1603129
132,19.424089%2C-99.15982
133,19.4195256%2C-99.162549
134,19.4195256%2C-99.162549
135,19.4195%2C-99.1589
136,19.4195256%2C-99.162549
137,19.413741%2C-99.161001
138,19.4003499%2C-99.1709146
139,19.4003499%2C-99.1709146
143,19.4205448%2C-99.1598208
144,19.4195256%2C-99.162549
145,19.417198%2C-99.1555
146,19.4356338%2C-99.1495107
147,19.4208778%2C-99.1645062
150,19.4176059%2C-99.1678653
151,19.4195256%2C-99.162549
152,19.414614%2C-99.16192
153,19.4202448%2C-99.1695894
154,19.4195256%2C-99.162549
155,19.419436%2C-99.16253
161,19.4233553%2C-99.1588694
162,19.418284%2C-99.15567
163,19.4195256%2C-99.162549
164,19.3091973%2C-99.1360907
165,19.4140654%2C-99.1575447
166,19.4202476%2C-99.1763064
167,19.4003499%2C-99.1709146
169,19.4181982%2C-99.1671909
170,19.415957%2C-99.160426
171,19.4182766%2C-99.166438
172,19.4195256%2C-99.162549
173,19.4182766%2C-99.166438
174,19.4195256%2C-99.162549
175,19.4182766%2C-99.166438
180,19.4195256%2C-99.162549
181,19.4195256%2C-99.162549
182,19.415555%2C-99.161592
183,19.413048%2C-99.161507
184,19.4195256%2C-99.162549
185,19.4195256%2C-99.162549
186,19.4195256%2C-99.162549
187,19.4030201%2C-99.1687004
189,19.4178619%2C-99.1642576
190,19.4201174%2C-99.1637568
191,19.4195256%2C-99.162549
192,19.42028%2C-99.168
193,19.4194784%2C-99.1745264
194,19.412394%2C-99.156231
195,19.4195256%2C-99.162549
196,19.4195256%2C-99.162549
201,19.4189983%2C-99.1640265
202,19.415896%2C-99.1593996
203,19.4209205%2C-99.1577961
204,19.415349%2C-99.15821
205,19.4195256%2C-99.162549
206,19.4202448%2C-99.1695894
207,19.4195256%2C-99.162549
208,19.418009%2C-99.15571
209,19.415349%2C-99.15821
210,19.423492%2C-99.1535797
212,19.4164496%2C-99.1618624
213,19.418009%2C-99.15571
214,19.415896%2C-99.1594
215,19.422955%2C-99.165253
216,19.4195256%2C-99.162549
217,19.4195256%2C-99.162549
218,19.405299%2C-99.1649891
219,19.415015%2C-99.159895
220,19.423492%2C-99.1535797
221,19.4163%2C-99.1682
222,19.414904%2C-99.160883
223,19.4208631%2C-99.1598168
224,19.4186168%2C-99.1585712
225,19.412585%2C-99.1552635
226,19.4356338%2C-99.1495107
230,19.4211981%2C-99.1726124
231,19.417833%2C-99.154381
232,19.417833%2C-99.154381
233,19.4195256%2C-99.162549
234,19.4195256%2C-99.162549
235,19.4356338%2C-99.1495107
236,19.423492%2C-99.1535797
237,19.4211155%2C-99.1660541
238,19.42048%2C-99.1702009
239,19.42048%2C-99.1702009
240,19.42048%2C-99.1702009
241,19.42048%2C-99.1702009
242,19.42048%2C-99.1702009
243,19.42048%2C-99.1702009
244,19.4195404%2C-99.1569233
245,19.4217849%2C-99.1550926
246,19.4031745%2C-99.1427681
247,19.415946%2C-99.1633672
248,19.3523991%2C-99.1579743
249,19.4233848%2C-99.1544581
250,19.4233848%2C-99.1544581
251,19.3992758%2C-99.1608756
252,19.4195256%2C-99.162549
253,19.417855%2C-99.1602101
254,19.4095846%2C-99.1575732
255,19.4095846%2C-99.1575732
256,19.4095846%2C-99.1575732
257,19.4140654%2C-99.1575447
258,19.4211937%2C-99.157191
259,19.413791%2C-99.1563072
260,19.4205483%2C-99.1568315
261,19.4181823%2C-99.165573
262,19.4180125%2C-99.1748189
263,19.4165232%2C-99.1642517
264,19.4216027%2C-99.1694198
265,19.413991%2C-99.160745
266,19.4195256%2C-99.162549
267,19.4195256%2C-99.162549
268,19.4172178%2C-99.1706047
269,19.424787%2C-99.174499
270,19.4198868%2C-99.1720176
271,19.410758%2C-99.1684745
272,19.4193454%2C-99.1580477
273,19.4181605%2C-99.1584569
274,19.4180754%2C-99.1574104
275,19.4196247%2C-99.1743387
276,19.416902%2C-99.1608338
277,19.4227485%2C-99.1649459
278,19.4195256%2C-99.162549
279,19.4131943%2C-99.1595181
280,19.414149%2C-99.1645398
281,19.4120738%2C-99.161042
282,19.4206946%2C-99.1597601
283,19.4193691%2C-99.1743199
284,19.424552%2C-99.1583314
285,19.416758%2C-99.1624745
286,19.420564%2C-99.173463
287,19.4195256%2C-99.162549
288,19.4161573%2C-99.1575643
289,19.4130842%2C-99.1608389
290,19.4164444%2C-99.1588867
291,19.4125039%2C-99.1624249
292,19.41991%2C-99.1662471
293,19.4200114%2C-99.1554958
294,19.4195256%2C-99.162549
295,19.417918%2C-99.1569917
296,19.412476%2C-99.157258
297,19.413758%2C-99.1654745
298,19.4138399%2C-99.1617242
299,19.4207309%2C-99.1667851
300,19.4214968%2C-99.165573
301,19.4228023%2C-99.1561449
302,19.4208488%2C-99.1593324
303,19.419525%2C-99.162549
304,19.413758%2C-99.1654745
305,19.416902%2C-99.1608338
306,19.4214968%2C-99.165573
307,19.420787%2C-99.178499
308,19.4193365%2C-99.1488697
309,19.4175607%2C-99.1585603
310,19.4217498%2C-99.1552313
311,19.4245959%2C-99.157884
312,19.4186073%2C-99.1696563
313,19.4221155%2C-99.1650541
314,19.416462%2C-99.1703695
315,19.4221155%2C-99.1650541
316,19.423787%2C-99.175499
317,19.4158401%2C-99.1596792
318,19.4203875%2C-99.1647512
319,19.4211906%2C-99.1611555
320,19.4021495%2C-99.170374
321,19.4150948%2C-99.1583504
322,19.4202%2C-99.1684
323,19.4245959%2C-99.157884
324,19.4205026%2C-99.1561016
325,19.4196927%2C-99.1560364
326,19.4205737%2C-99.1635727
327,19.4183512%2C-99.1572547
328,19.4130341%2C-99.1614773
329,19.4168697%2C-99.1724069
330,19.3986847%2C-99.1694361
331,19.4166856%2C-99.1612588
332,19.4158401%2C-99.1596792
333,19.4183512%2C-99.1572547
334,19.411785%2C-99.16383
335,19.4147888%2C-99.1568826
336,19.4175462%2C-99.1714968
337,19.4199907%2C-99.1715554
338,19.4221155%2C-99.1650541
339,19.416779%2C-99.158002
340,19.4188488%2C-99.1613324
341,19.418153%2C-99.1652014
342,19.418153%2C-99.1652014
343,19.4182631%2C-99.1557848
344,19.4148447%2C-99.1602414
345,19.4207579%2C-99.1653895
346,19.418153%2C-99.1652014
347,19.4195256%2C-99.162549
348,19.416902%2C-99.1608338
349,19.4178125%2C-99.1585625
350,19.4168697%2C-99.1724069
351,19.4171982%2C-99.1555016
352,19.4234541%2C-99.1619184
353,19.4130341%2C-99.1614773
354,19.413034%2C-99.161477
355,19.4129546%2C-99.1550058
356,19.4156973%2C-99.1649402
357,19.4356338%2C-99.1495107
358,19.4132544%2C-99.1610956
359,19.41252%2C-99.16232
360,19.4195256%2C-99.162549
361,19.4195256%2C-99.162549
362,19.4219704%2C-99.158377
363,19.417%2C-99.1555
364,19.4174375%2C-99.1593125
365,19.4210439%2C-99.1609432
366,19.4159559%2C-99.1585056
367,19.4068489%2C-99.1622222
368,19.4195256%2C-99.162549
369,19.4209936%2C-99.160929
370,19.4197%2C-99.1589
371,19.4192608%2C-99.1597209
372,19.4181%2C-99.1655
373,19.418153%2C-99.1652014
374,19.4153848%2C-99.1619716
375,19.4197%2C-99.1624
376,19.4208253%2C-99.1670359
377,19.416238%2C-99.172753
378,19.4201193%2C-99.1637581
379,19.4215581%2C-99.164362
380,19.4213%2C-99.159
381,19.419841%2C-99.165529
382,19.418153%2C-99.1652014
383,19.4205026%2C-99.1561016
384,19.4155202%2C-99.1592694
385,19.4242039%2C-99.1585249
386,19.4187351%2C-99.1710228
387,19.4146547%2C-99.1619063
388,19.4148447%2C-99.1602414
389,19.4232144%2C-99.1543002
390,19.416237%2C-99.157304
391,19.4195256%2C-99.162549
392,19.4239846%2C-99.1609735
393,19.4169934%2C-99.1710197
394,19.4176534%2C-99.1624605
395,19.4189983%2C-99.1640265
396,19.418153%2C-99.1652014
397,19.4201612%2C-99.1575363
398,19.4196351%2C-99.1579709
399,19.422802%2C-99.15614
400,19.4204082%2C-99.1589045
401,19.4121714%2C-99.1620752
402,19.4118192%2C-99.1584663
403,19.4130842%2C-99.1608389
404,19.417855%2C-99.16021
405,19.412802%2C-99.157269
406,19.4195256%2C-99.162549
407,19.418153%2C-99.1652014
408,19.4202853%2C-99.1696874
409,19.416971%2C-99.162033
410,19.424125%2C-99.15535
411,19.422602%2C-99.15661
412,19.4205542%2C-99.1650972
413,19.416248%2C-99.15731
414,19.4159559%2C-99.1585056
415,19.4120249%2C-99.1642866
416,19.4253356%2C-99.1586209
417,19.4195256%2C-99.162549
418,19.42232%2C-99.155256
419,19.4207%2C-99.1728
420,19.4141327%2C-99.1605344
421,19.4129403%2C-99.1615832
422,19.4189983%2C-99.1640265
423,19.4148447%2C-99.1602414
424,19.4127102%2C-99.1601639
425,19.41673%2C-99.156967
426,19.424807%2C-99.1598588
427,19.4195122%2C-99.1642563
428,19.4214743%2C-99.1596479
429,19.4221155%2C-99.1650541
430,19.4195256%2C-99.162549
431,19.4205542%2C-99.1650972
432,19.4137406%2C-99.1610013
433,19.4137406%2C-99.1610013
434,19.41751%2C-99.1595999
435,19.419525%2C-99.162549
436,19.4172482%2C-99.1716012
437,19.416%2C-99.1585
438,19.4141846%2C-99.1597243
439,19.4183512%2C-99.1572547
440,19.4195256%2C-99.162549
441,19.4202804%2C-99.1680059
442,19.4137406%2C-99.1610013
443,19.415555%2C-99.161592
444,19.4259879%2C-99.1622261
445,19.4205542%2C-99.1650972
446,19.4168211%2C-99.1596475
447,19.4225256%2C-99.159549
448,19.4202%2C-99.1684
449,19.4218279%2C-99.1574316
450,19.4263356%2C-99.1576209
451,19.41984%2C-99.174656
452,19.418153%2C-99.1652014
453,19.417644%2C-99.16664
454,19.4155297%2C-99.1666371
455,19.4093329%2C-99.1365482
456,19.4203566%2C-99.1587749
457,19.4202448%2C-99.1695894
458,19.4158401%2C-99.1596792
459,19.4147648%2C-99.1578207
460,19.4228023%2C-99.1561449
461,19.4127033%2C-99.1619273
462,19.4146488%2C-99.1604736
463,19.4081736%2C-99.1687026
464,19.4206266%2C-99.159894
465,19.419525%2C-99.162549
466,19.4195256%2C-99.162549
467,19.4168626%2C-99.1545983
468,19.4247291%2C-99.1549124
469,19.4233356%2C-99.1606209
470,19.414596%2C-99.156664
471,19.413758%2C-99.160785
472,19.418153%2C-99.1652014
473,19.423094%2C-99.164185
474,19.4165065%2C-99.1666218
475,19.4202688%2C-99.1642694
476,19.4052563%2C-99.1662026
477,19.422946%2C-99.1652713
478,19.4159266%2C-99.1655973
479,19.416%2C-99.1585
480,19.424552%2C-99.15833
481,19.4199566%2C-99.1614991
482,19.4093329%2C-99.1365482
483,19.4203875%2C-99.1647512
484,19.4138%2C-99.1617
485,19.4239921%2C-99.1600565
486,19.4178279%2C-99.1614316
487,19.4093329%2C-99.1365482
488,19.418153%2C-99.1652014
489,19.4195256%2C-99.162549
490,19.4202%2C-99.1684
491,19.4202448%2C-99.1695894
492,19.4202%2C-99.1684
493,19.414535%2C-99.16394
494,19.4195256%2C-99.162549
495,19.4161875%2C-99.1656875
496,19.418153%2C-99.1652014
497,19.4233356%2C-99.1606209
498,19.4222565%2C-99.1564692
499,19.4147%2C-99.1619
500,19.419525%2C-99.162549
501,19.4195381%2C-99.1645074
502,19.4159266%2C-99.1655973
503,19.4137406%2C-99.1610013
504,19.4072945%2C-99.1651583
505,19.413676%2C-99.1654703
506,19.4093329%2C-99.1365482
507,19.42234%2C-99.164163
508,19.4195256%2C-99.162549
509,19.419525%2C-99.162549
510,19.419296%2C-99.163584
511,19.4222565%2C-99.1564692
512,19.422802%2C-99.156144
513,19.4181605%2C-99.1584569
514,19.4102578%2C-99.1675193
515,19.4197401%2C-99.1584369
516,19.4183108%2C-99.1644718
517,19.4056562%2C-99.1583775
518,19.4150371%2C-99.1616755
519,19.419525%2C-99.162549
520,19.4215029%2C-99.1714493
521,19.4183108%2C-99.1644718
522,19.4159266%2C-99.1655973
523,19.4229918%2C-99.1642322
524,19.4195256%2C-99.162549
525,19.4132467%2C-99.1609747
526,19.419525%2C-99.162549
527,19.4205193%2C-99.1676058
528,19.4229547%2C-99.1652534
529,19.4225813%2C-99.1591505
530,19.4155552%2C-99.1615919
531,19.4210127%2C-99.1589883
532,19.4188284%2C-99.1605344
533,19.418153%2C-99.1652014
534,19.4159657%2C-99.163205
535,19.4225256%2C-99.159549
536,19.4119%2C-99.1571
537,19.418153%2C-99.1652014
538,19.4130842%2C-99.1608389
539,19.4189%2C-99.1588
540,19.418153%2C-99.1652014
541,19.4221155%2C-99.1650541
542,19.4226245%2C-99.1546529
543,19.4109247%2C-99.1651635
544,19.4109247%2C-99.1651635
545,19.4109247%2C-99.1651635
546,19.4109247%2C-99.1651635
547,19.4109247%2C-99.1651635
548,19.4109247%2C-99.1651635
549,19.4109247%2C-99.1651635
550,19.4109247%2C-99.1651635
551,19.4109247%2C-99.1651635
552,19.4109247%2C-99.1651635
553,19.4109247%2C-99.1651635
554,19.4109247%2C-99.1651635
555,19.4109247%2C-99.1651635
556,19.4109247%2C-99.1651635
557,19.4109247%2C-99.1651635
558,19.4109247%2C-99.1651635
559,19.4109247%2C-99.1651635
560,19.4109247%2C-99.1651635
561,19.4109247%2C-99.1651635
562,19.4109247%2C-99.1651635
563,19.4109247%2C-99.1651635
564,19.4109247%2C-99.1651635
565,19.4109247%2C-99.1651635
566,19.4109247%2C-99.1651635
567,19.4109247%2C-99.1651635
568,19.4109247%2C-99.1651635
569,19.4109247%2C-99.1651635
570,19.4109247%2C-99.1651635
571,19.4109247%2C-99.1651635
572,19.4109247%2C-99.1651635
573,19.4109247%2C-99.1651635
574,19.4109247%2C-99.1651635
575,19.4109247%2C-99.1651635
576,19.4109247%2C-99.1651635
577,19.4109247%2C-99.1651635
578,19.4109247%2C-99.1651635
579,19.4109247%2C-99.1651635
580,19.4109247%2C-99.1651635
581,19.4109247%2C-99.1651635
582,19.4109247%2C-99.1651635
583,19.4109247%2C-99.1651635
584,19.4109247%2C-99.1651635
585,19.415675%2C-99.1640642
586,19.4153499%2C-99.1582168
587,19.4207855%2C-99.1554583
588,19.418153%2C-99.1652014
589,19.4109231%2C-99.1651722
590,19.4356338%2C-99.1495107
591,19.4156597%2C-99.164933
592,19.4153499%2C-99.1582168
593,19.4202688%2C-99.1642694
594,19.4175123%2C-99.1701999
595,19.4195256%2C-99.162549
596,19.4153499%2C-99.1582168
597,19.421924%2C-99.1557415
598,19.4195381%2C-99.1645074
599,19.4109231%2C-99.1651722
600,19.4153499%2C-99.1582168
601,19.4153499%2C-99.1582168
602,19.4159207%2C-99.1622597
603,19.4109231%2C-99.1651722
604,19.4109231%2C-99.1651722
605,19.418153%2C-99.1652014
606,19.418153%2C-99.1652014
607,19.417364%2C-99.159454
608,19.415965%2C-99.1632
609,19.4200787%2C-99.1674487
610,19.412471%2C-99.156222
611,19.4109231%2C-99.1651722
612,19.4136766%2C-99.1654682
613,19.418153%2C-99.1652014
614,19.4155552%2C-99.1615919
615,19.4129403%2C-99.1615832
616,19.4193%2C-99.1564
617,19.4130341%2C-99.1614773
618,19.4109231%2C-99.1651722
619,19.4109231%2C-99.1651722
620,19.4203875%2C-99.1647512
621,19.419863%2C-99.1682223
622,19.419525%2C-99.162549
623,19.4195256%2C-99.162549
624,19.4109231%2C-99.1651722
625,19.4109231%2C-99.1651722
626,19.4195381%2C-99.1645074
627,19.4193%2C-99.1564
628,19.4156105%2C-99.1605994
629,19.4159731%2C-99.1553079
630,19.404154%2C-99.1618353
631,19.4109231%2C-99.1651722
632,19.4109231%2C-99.1651722
633,19.4109231%2C-99.1651722
634,19.4109231%2C-99.1651722
635,19.4113464%2C-99.1629528
636,19.4172947%2C-99.1636647
637,19.4202418%2C-99.1659623
638,19.4195256%2C-99.162549
639,19.4130341%2C-99.1614773
640,19.4177022%2C-99.1716873
641,19.4205026%2C-99.1561016
642,19.4209401%2C-99.1638233
643,19.4195256%2C-99.162549
644,19.4114666%2C-99.1627194
645,19.438631%2C-99.14881
646,19.4109231%2C-99.1651722
647,19.4109231%2C-99.1651722
648,19.4109231%2C-99.1651722
649,19.4109231%2C-99.1651722
650,19.4109231%2C-99.1651722
651,19.4109231%2C-99.1651722
652,19.4109231%2C-99.1651722
653,19.4109231%2C-99.1651722
654,19.3907336%2C-99.1436127
655,19.4116387%2C-99.1657027
656,19.4109231%2C-99.1651722
657,19.4109231%2C-99.1651722
658,19.4109231%2C-99.1651722
659,19.4109231%2C-99.1651722
660,19.4109231%2C-99.1651722
661,19.4109231%2C-99.1651722
662,19.4109231%2C-99.1651722
663,19.4109231%2C-99.1651722
664,19.4109231%2C-99.1651722
665,19.4109231%2C-99.1651722
666,19.4109231%2C-99.1651722
667,19.4109231%2C-99.1651722
668,19.4109231%2C-99.1651722
669,19.4109231%2C-99.1651722
670,19.4109231%2C-99.1651722
671,19.4109231%2C-99.1651722
672,19.4109231%2C-99.1651722
673,19.4109231%2C-99.1651722
674,19.4109231%2C-99.1651722
675,19.4109231%2C-99.1651722
676,19.4109231%2C-99.1651722
677,19.4109231%2C-99.1651722
678,19.4109231%2C-99.1651722
679,19.4109231%2C-99.1651722
680,19.4109231%2C-99.1651722
681,19.4109231%2C-99.1651722
682,19.4109231%2C-99.1651722
683,19.4109231%2C-99.1651722
684,19.4109231%2C-99.1651722
685,19.4109231%2C-99.1651722
686,19.4109231%2C-99.1651722
687,19.4109231%2C-99.1651722
688,19.4109231%2C-99.1651722
689,19.4221155%2C-99.1650541
690,19.4195381%2C-99.1645074
691,19.4128016%2C-99.1572693
692,19.4219017%2C-99.1635997
693,19.4247291%2C-99.1549124
694,19.413676%2C-99.16547
695,19.4202312%2C-99.1673532
696,19.4202418%2C-99.1659623
697,19.4356338%2C-99.1495107
698,19.4195256%2C-99.162549
699,19.4254379%2C-99.154743
700,19.4141846%2C-99.1597243
701,19.4202688%2C-99.1642694
702,19.412471%2C-99.156222
703,19.4182766%2C-99.166438
704,19.420885%2C-99.15575
705,19.418153%2C-99.1652014
706,19.4138%2C-99.1617
707,19.4109231%2C-99.1651722
708,19.421949%2C-99.1689171
709,19.418369%2C-99.144638
710,19.4155552%2C-99.1615919
711,19.419525%2C-99.162549
712,19.4218756%2C-99.1603614
713,19.418153%2C-99.1652014
714,19.4114263%2C-99.1643063
715,19.4224961%2C-99.1548608
716,19.4155552%2C-99.1615919
717,19.418153%2C-99.1652014
718,19.4195256%2C-99.162549
719,19.4118161%2C-99.1634968
720,19.4355396%2C-99.1494763
721,19.4169559%2C-99.1708221
722,19.4221155%2C-99.1650541
723,19.413879%2C-99.160909
724,19.4225561%2C-99.1545455
725,19.418153%2C-99.1652014
726,19.4215948%2C-99.1590856
727,19.418153%2C-99.1652014
728,19.4138615%2C-99.1640139
729,19.4113464%2C-99.1629528
730,19.4174203%2C-99.162391
731,19.4211%2C-99.1597
732,19.419478%2C-99.174526
733,19.4195256%2C-99.162549
734,19.4141846%2C-99.1597243
735,19.4158401%2C-99.1596792
736,19.4158401%2C-99.1596792
737,19.4200098%2C-99.1663115
738,19.419525%2C-99.162549
739,19.4211%2C-99.1597
740,19.440172%2C-99.202519
741,19.421399%2C-99.1587768
742,19.424644%2C-99.1583449
743,19.4200098%2C-99.1663115
744,19.4114785%2C-99.1643187
745,19.4195256%2C-99.162549
746,19.424549%2C-99.15832
747,19.4159657%2C-99.163205
748,19.4356338%2C-99.1495107
749,19.4200098%2C-99.1663115
750,19.4200098%2C-99.1663115
751,19.4222428%2C-99.1627869
752,19.4198868%2C-99.1720176
753,19.4211605%2C-99.1554569
754,19.420885%2C-99.15575
755,19.4200098%2C-99.1663115
756,19.405973%2C-99.166385
757,19.4196971%2C-99.1665131
758,19.4239732%2C-99.1609111
759,19.4239626%2C-99.1609669
760,19.418153%2C-99.1652014
761,19.4183512%2C-99.1572547
762,19.4130874%2C-99.1634537
763,19.41987%2C-99.169508
764,19.4451%2C-99.1461
765,19.4181605%2C-99.1584569
766,19.4304844%2C-99.158441
767,19.4165065%2C-99.1666218
768,19.4200098%2C-99.1663115
769,19.420885%2C-99.15575
770,19.4212897%2C-99.1626908
771,19.4177022%2C-99.1716873
772,19.413676%2C-99.1654703
773,19.4219559%2C-99.1658221
774,19.4195256%2C-99.162549
775,19.4164506%2C-99.1581666
776,19.4245374%2C-99.1573777
777,19.4148447%2C-99.1602414
778,19.4144349%2C-99.1635051
779,19.4180216%2C-99.1742476
780,19.4451%2C-99.1461
781,19.4210293%2C-99.1635414
782,19.4153499%2C-99.1582168
783,19.400025%2C-99.167727
784,19.4201%2C-99.1736
785,19.4195256%2C-99.162549
786,19.4183512%2C-99.1572547
787,19.4128016%2C-99.1572693
788,19.4188488%2C-99.1613324
789,19.419525%2C-99.162549
790,19.4209%2C-99.1638
791,19.419249%2C-99.162167
792,19.4171424%2C-99.1703275
793,19.4198868%2C-99.1720176
794,19.4159657%2C-99.163205
795,19.413757%2C-99.161
796,19.4181836%2C-99.1671901
797,19.41751%2C-99.1595999
798,19.4153848%2C-99.1619716
799,19.4171562%2C-99.1703316
800,19.4128016%2C-99.1572693
801,19.4195256%2C-99.162549
802,19.421857%2C-99.165886
803,19.4129144%2C-99.1645999
804,19.4130842%2C-99.1608389
805,19.4356338%2C-99.1495107
806,19.414922%2C-99.1613129
807,19.419863%2C-99.1682223
808,19.41933%2C-99.162188
809,19.4168211%2C-99.1596475
810,19.4195256%2C-99.162549
811,19.4195256%2C-99.162549
812,19.4180712%2C-99.1653339
813,19.418153%2C-99.1652014
814,19.418153%2C-99.1652014
815,19.4208992%2C-99.1660863
816,19.42064%2C-99.1702226
817,19.419525%2C-99.162549
818,19.4356338%2C-99.1495107
819,19.4195256%2C-99.162549
820,19.418153%2C-99.1652014
821,19.423214%2C-99.1543
822,19.4228866%2C-99.1592835
823,19.4219472%2C-99.1689252
824,19.419525%2C-99.162549
825,19.4184344%2C-99.1558187
826,19.4356338%2C-99.1495107
827,19.425475%2C-99.162384
828,19.4221155%2C-99.1650541
829,19.4213433%2C-99.1640592
830,19.438631%2C-99.14881
831,19.4143121%2C-99.1620666
832,19.4137406%2C-99.1610013
833,19.4196927%2C-99.1560364
834,19.414648%2C-99.16047
835,19.4219444%2C-99.1561111
836,19.4173639%2C-99.1594532
837,19.4129144%2C-99.1645999
838,19.4183108%2C-99.1644718
839,19.4356338%2C-99.1495107
840,19.4147%2C-99.1619
841,19.4188488%2C-99.1613324
842,19.4093329%2C-99.1365482
843,19.4356338%2C-99.1495107
844,19.4181605%2C-99.1584569
845,19.4158401%2C-99.1596792
846,19.425475%2C-99.162384
847,19.419249%2C-99.162146
848,19.4141846%2C-99.1597243
849,19.418153%2C-99.1652014
850,19.4066719%2C-99.1638453
851,19.4205%2C-99.1715
852,19.4356338%2C-99.1495107
853,19.4228989%2C-99.1552602
854,19.4195256%2C-99.162549
855,19.418153%2C-99.1652014
856,19.4221155%2C-99.1650541
857,19.4195256%2C-99.162549
858,19.4109567%2C-99.1660421
859,19.4206466%2C-99.170547
860,19.4195256%2C-99.162549
861,19.4356338%2C-99.1495107
862,19.4137406%2C-99.1610013
863,19.4195256%2C-99.162549
864,19.4195256%2C-99.162549
865,19.4143573%2C-99.1546714
866,19.4148447%2C-99.1602414
867,19.4148447%2C-99.1602414
868,19.419249%2C-99.162167
869,19.419249%2C-99.162167
870,19.4141846%2C-99.1597243
871,19.4141846%2C-99.1597243
872,19.4196927%2C-99.1560364
873,19.4195256%2C-99.162549
874,19.4173639%2C-99.1594532
875,19.4195256%2C-99.162549
876,19.4196927%2C-99.1560364
877,19.422274%2C-99.1561233
878,19.4193249%2C-99.1621509
879,19.4175206%2C-99.1676453
880,19.4192287%2C-99.1621509
881,19.4192389%2C-99.1621348
882,19.418153%2C-99.1652014
883,19.4202688%2C-99.1642694
884,19.4184822%2C-99.1614643
885,19.4195256%2C-99.162549
886,19.419525%2C-99.162549
887,19.4195256%2C-99.162549
888,19.4195256%2C-99.162549
889,19.4195256%2C-99.162549
890,19.419249%2C-99.162146
891,19.419249%2C-99.162146
892,19.419249%2C-99.162146
893,19.4195256%2C-99.162549
894,19.4164506%2C-99.1581666
895,19.418153%2C-99.1652014
896,19.4194151%2C-99.1632699
897,19.4155552%2C-99.1615919
898,19.4356338%2C-99.1495107
899,19.4158401%2C-99.1596792
900,19.4356338%2C-99.1495107
901,19.4195256%2C-99.162549
902,19.4189983%2C-99.1640265
903,19.4356338%2C-99.1495107
904,19.4093329%2C-99.1365482
905,19.4195256%2C-99.162549
906,19.4143121%2C-99.1620666
907,19.4195256%2C-99.162549
908,19.416001%2C-99.15497
909,19.4356338%2C-99.1495107
910,19.4195256%2C-99.162549
911,19.419249%2C-99.162167
912,19.419249%2C-99.162146
913,19.419249%2C-99.162146
914,19.419249%2C-99.162146
915,19.4164496%2C-99.1618624
916,19.4376338%2C-99.1475107
917,19.4184898%2C-99.1637389
918,19.4356338%2C-99.1495107
919,19.4195256%2C-99.162549
920,19.4356338%2C-99.1495107
921,19.4195256%2C-99.162549
922,19.4172193%2C-99.1706106
923,19.4124914%2C-99.1572585
924,19.4195256%2C-99.162549
925,19.423454%2C-99.161918
926,19.419249%2C-99.162167
927,19.4125569%2C-99.155507
928,19.4356338%2C-99.1495107
929,19.4195256%2C-99.162549
930,19.4356338%2C-99.1495107
931,19.4356338%2C-99.1495107
932,19.4195256%2C-99.162549
933,19.4195256%2C-99.162549
934,19.4195256%2C-99.162549
935,19.4195256%2C-99.162549
936,21.0634817%2C-89.6110378
937,19.3994425%2C-99.1221351
938,19.4195256%2C-99.162549
939,19.4195256%2C-99.162549
940,19.4196971%2C-99.1665131
941,19.4195256%2C-99.162549
942,19.422548%2C-99.1594652
943,19.4126449%2C-99.1612825
944,19.4356338%2C-99.1495107
945,19.4195256%2C-99.162549
946,19.4356338%2C-99.1495107
947,19.4188284%2C-99.1605344
948,19.4195256%2C-99.162549
949,19.4356338%2C-99.1495107
950,19.4137406%2C-99.1610013
951,19.4195256%2C-99.162549
952,19.4195256%2C-99.162549
953,19.4195256%2C-99.162549
954,19.4195256%2C-99.162549
955,19.4181605%2C-99.1584569
956,19.4195256%2C-99.162549
957,19.4195256%2C-99.162549
958,19.4127648%2C-99.1605674
959,19.412471%2C-99.156222
960,19.4243182%2C-99.1550102
961,19.4158401%2C-99.1596792
962,19.4356338%2C-99.1495107
963,19.4356338%2C-99.1495107
964,19.4188284%2C-99.1605344
965,19.4356338%2C-99.1495107
966,19.4195256%2C-99.162549
967,19.4195256%2C-99.162549
968,19.4195256%2C-99.162549
969,19.4181605%2C-99.1584569
970,19.4196927%2C-99.1560364
971,19.4356338%2C-99.1495107
972,19.4195256%2C-99.162549
973,19.419899%2C-99.1752084
974,19.4195256%2C-99.162549
975,19.4195256%2C-99.162549
976,19.4188488%2C-99.1613324
977,19.4173639%2C-99.1594532
978,19.414531%2C-99.16038
979,19.420564%2C-99.173463
980,19.4185297%2C-99.1636371
981,19.4162958%2C-99.1574946
982,19.4148155%2C-99.1603133
983,19.4003499%2C-99.1709146
984,19.4159266%2C-99.1655973
985,19.4356338%2C-99.1495107
986,19.4356338%2C-99.1495107
987,19.4356338%2C-99.1495107
988,19.4195256%2C-99.162549
989,19.4195256%2C-99.162549
990,19.4174243%2C-99.1623716
991,19.4202688%2C-99.1642694
992,19.4451%2C-99.1461
993,19.413879%2C-99.160909
994,19.4173639%2C-99.1594532
995,19.4181531%2C-99.1652014
996,19.4137406%2C-99.1610013
997,19.4243182%2C-99.1550102
998,19.4195256%2C-99.162549
999,19.4195256%2C-99.162549
1000,19.4356338%2C-99.1495107
1001,19.4195256%2C-99.162549
1002,19.4195256%2C-99.162549
1003,19.4195256%2C-99.162549
1004,19.4356338%2C-99.1495107
1005,19.424548%2C-99.157323
1006,19.412471%2C-99.156222
1007,19.4195256%2C-99.162549
1008,19.4165043%2C-99.1732041
1009,19.413084%2C-99.16083
1010,19.417908%2C-99.17007
1011,19.4195256%2C-99.162549
1012,19.416666%2C-99.1624056
1013,19.4145283%2C-99.1639519
1014,19.4204591%2C-99.1614862
1015,19.4206466%2C-99.170547
1016,19.4195256%2C-99.162549
1017,19.413676%2C-99.1654703
1018,19.4161278%2C-99.161594
1019,19.4195256%2C-99.162549
1020,19.419863%2C-99.1682223
1021,19.4195256%2C-99.162549
1022,19.4195256%2C-99.162549
1023,19.4181947%2C-99.1596791
1024,19.418153%2C-99.1652014
1025,19.412896%2C-99.1623996
1026,19.420114%2C-99.170194
1027,19.418863%2C-99.1580577
1028,19.438631%2C-99.14881
1029,19.412471%2C-99.156222
1030,19.4168211%2C-99.1596475
1031,19.4195256%2C-99.162549
1032,19.4195256%2C-99.162549
1033,19.4195256%2C-99.162549
1034,19.4356338%2C-99.1495107
1035,19.422946%2C-99.1652713
1036,19.419188%2C-99.162146
1037,19.4195256%2C-99.162549
1038,19.4246%2C-99.1583
1039,19.4184822%2C-99.1614643
1040,19.4195256%2C-99.162549
1041,19.4195256%2C-99.162549
1042,19.4210727%2C-99.1557975
1043,19.4195256%2C-99.162549
1044,19.4356338%2C-99.1495107
1045,19.4195256%2C-99.162549
1046,19.4191%2C-99.1588
1047,19.4117559%2C-99.1649783
1048,19.4180772%2C-99.1758893
1049,19.4180772%2C-99.1758893
1050,19.43613%2C-99.1573842
1051,19.417133%2C-99.15454
1052,19.4356338%2C-99.1495107
1053,19.4356338%2C-99.1495107
1054,19.4356338%2C-99.1495107
1055,19.4356338%2C-99.1495107
1056,19.4178992%2C-99.1690863
1057,19.4243182%2C-99.1550102
1058,19.419526%2C-99.162549
1059,19.4195256%2C-99.162549
1060,19.4356338%2C-99.1495107
1061,19.418153%2C-99.1652014
1062,19.4180125%2C-99.1748189
1063,19.4272036%2C-99.1612106
1064,19.4195256%2C-99.162549
1065,19.4079776%2C-99.1693662
1066,19.417759%2C-99.167813
1067,19.4181605%2C-99.1584569
1068,19.4195256%2C-99.162549
1069,19.4147648%2C-99.1578207
1070,19.413747%2C-99.1615559
1071,19.414309%2C-99.1580519
1072,19.420505%2C-99.15878
1073,19.418153%2C-99.1652014
1074,19.4145621%2C-99.1566187
1075,19.419249%2C-99.162167
1076,19.414309%2C-99.1580519
1077,19.4356338%2C-99.1495107
1078,19.4191235%2C-99.1646152
1079,19.4173639%2C-99.1594532
1080,19.4195256%2C-99.162549
1081,19.4239626%2C-99.1609669
1082,19.4196971%2C-99.1665131
1083,19.4195256%2C-99.162549
1084,19.4356338%2C-99.1495107
1085,19.4356338%2C-99.1495107
1086,19.4149444%2C-99.1600968
1087,19.4195256%2C-99.162549
1088,19.4195256%2C-99.162549
1089,19.422946%2C-99.1652713
1090,19.418153%2C-99.1652014
1091,19.400025%2C-99.167727
1092,19.4127033%2C-99.1619273
1093,19.4212093%2C-99.1727219
1094,19.418153%2C-99.1652014
1095,19.4119026%2C-99.1596531
1096,19.4356338%2C-99.1495107
1097,19.4155552%2C-99.1615919
1098,19.419526%2C-99.162549
1099,19.419526%2C-99.162549
1100,19.4188284%2C-99.1605344
1101,19.4356338%2C-99.1495107
1102,19.4356338%2C-99.1495107
1103,19.4356338%2C-99.1495107
1104,19.4356338%2C-99.1495107
1105,19.4356338%2C-99.1495107
1106,19.4137406%2C-99.1610013
1107,19.4137406%2C-99.1610013
1108,19.4195256%2C-99.162549
1109,19.4195256%2C-99.162549
1110,19.4195256%2C-99.162549
1111,19.4150948%2C-99.1583507
1112,19.4205542%2C-99.1650972
1113,19.4183512%2C-99.1572547
1114,19.415306%2C-99.158211
1115,19.4146332%2C-99.1605601
1116,19.4195256%2C-99.162549
1117,19.4095846%2C-99.1575732
1118,19.4159657%2C-99.163205
1119,19.4356338%2C-99.1495107
1120,19.4196927%2C-99.1560364
1121,19.4356338%2C-99.1495107
1122,19.4195256%2C-99.162549
1123,19.4195256%2C-99.162549
1124,19.4168211%2C-99.1596475
1125,19.4037937%2C-99.1631623
1126,19.4197681%2C-99.172099
1127,19.4213875%2C-99.1637512
1128,19.4230787%2C-99.1644487
1129,19.417042%2C-99.15546
1130,19.416007%2C-99.163765
1131,19.4209%2C-99.1638
1132,19.4272036%2C-99.1612106
1133,19.4189983%2C-99.1640265
1134,19.4195256%2C-99.162549
1135,19.4195256%2C-99.162549
1136,19.4356338%2C-99.1495107
1137,19.4356338%2C-99.1495107
1138,19.418828%2C-99.160534
1139,19.4137406%2C-99.1610013
1140,19.4195256%2C-99.162549
1141,19.4195256%2C-99.162549
1142,19.4195256%2C-99.162549
1143,19.4213897%2C-99.1604944
1144,19.419249%2C-99.162167
1145,19.419526%2C-99.162549
1146,19.419526%2C-99.162549
1147,19.4356338%2C-99.1495107
1148,19.4356338%2C-99.1495107
1149,19.4195256%2C-99.162549
1150,19.4195256%2C-99.162549
1151,19.4156973%2C-99.1649402
1152,19.4356338%2C-99.1495107
1153,19.4156973%2C-99.1649402
1154,19.4356338%2C-99.1495107
1155,19.4173639%2C-99.1594532
1156,19.4168211%2C-99.1596475
1157,19.414309%2C-99.1580519
1158,19.4177022%2C-99.1716873
1159,19.4221518%2C-99.1603614
1160,19.418153%2C-99.1652014
1161,19.4184822%2C-99.1614643
1162,19.419863%2C-99.1682223
1163,19.4105302%2C-99.1656737
1164,19.4195256%2C-99.162549
1165,19.402295%2C-99.166614
1166,19.4127648%2C-99.1605674
1167,19.4203875%2C-99.1647512
1168,19.440172%2C-99.202519
1169,19.4195256%2C-99.162549
1170,19.4137406%2C-99.1610013
1171,19.4356338%2C-99.1495107
1172,19.418071%2C-99.165334
1173,19.421902%2C-99.1636
1174,19.419863%2C-99.1682223
1175,19.4156597%2C-99.164933
1176,19.4161012%2C-99.1653105
1177,19.4213841%2C-99.1690072
1178,19.418153%2C-99.1652014
1179,19.4195256%2C-99.162549
1180,19.4155552%2C-99.1615919
1181,19.414765%2C-99.157821
1182,19.4148864%2C-99.1549892
1183,19.4195256%2C-99.162549
1184,19.4356338%2C-99.1495107
1185,19.4213841%2C-99.1690072
1186,19.4173639%2C-99.1594532
1187,19.4356338%2C-99.1495107
1188,19.4195256%2C-99.162549
1189,19.4195256%2C-99.162549
1190,19.4195256%2C-99.162549
1191,19.4189983%2C-99.1640265
1192,19.4104231%2C-99.1633804
1193,19.418153%2C-99.1652014
1194,19.419526%2C-99.162549
1195,19.4213841%2C-99.1690072
1196,19.4188284%2C-99.1605344
1197,19.4188284%2C-99.1605344
1198,19.4356338%2C-99.1495107
1199,19.4173639%2C-99.1594532
1200,19.4137406%2C-99.1610013
1201,19.418153%2C-99.1652014
1202,19.4195256%2C-99.162549
1203,19.4195256%2C-99.162549
1204,19.4195256%2C-99.162549
1205,19.4195256%2C-99.162549
1206,19.4356338%2C-99.1495107
1207,19.4184822%2C-99.1614643
1208,19.422946%2C-99.1652713
1209,19.4197978%2C-99.1645782
1210,19.4181947%2C-99.1596791
1211,19.4148032%2C-99.1578299
1212,19.419526%2C-99.162549
1213,19.4213841%2C-99.1690072
1214,19.4213841%2C-99.1690072
1215,19.4237407%2C-99.1585876
1216,19.4356338%2C-99.1495107
1217,19.417484%2C-99.164558
1218,19.4173639%2C-99.1594532
1219,19.4173639%2C-99.1594532
1220,19.4145621%2C-99.1566187
1221,19.4195256%2C-99.162549
1222,19.4195256%2C-99.162549
1223,19.4195256%2C-99.162549
1224,19.4164496%2C-99.1618624
1225,19.4239626%2C-99.1609669
1226,19.418153%2C-99.1652014
1227,19.4195256%2C-99.162549
1228,19.4203706%2C-99.1739533
1229,19.417364%2C-99.159454
1230,19.4189983%2C-99.1640265
1231,19.419526%2C-99.162549
1232,19.417484%2C-99.164558
1233,19.417484%2C-99.164558
1234,19.4356338%2C-99.1495107
1235,19.4195256%2C-99.162549
1236,19.4195256%2C-99.162549
1237,19.4195256%2C-99.162549
1238,19.4168766%2C-99.1619583
1239,19.4147532%2C-99.1605853
1240,19.414309%2C-99.1580519
1241,19.4195256%2C-99.162549
1242,19.422946%2C-99.1652713
1243,19.4177889%2C-99.1672057
1244,19.4174257%2C-99.171952
1245,19.4164169%2C-99.1577302
1246,19.4155552%2C-99.1615919
1247,19.4178696%2C-99.1679157
1248,19.4195256%2C-99.162549
1249,19.418153%2C-99.1652014
1250,19.422406%2C-99.16488
1251,19.418153%2C-99.1652014
1252,19.4195256%2C-99.162549
1253,19.4153993%2C-99.1636908
1254,19.4148447%2C-99.1602414
1255,19.422147%2C-99.15908
1256,19.4127648%2C-99.1605674
1257,19.4219472%2C-99.1689252
1258,19.4356338%2C-99.1495107
1259,19.4195256%2C-99.162549
1260,19.4168211%2C-99.1596475
1261,19.4176059%2C-99.1678653
1262,19.4196579%2C-99.1691629
1263,19.4173639%2C-99.1594532
1264,19.4196971%2C-99.1665131
1265,19.419436%2C-99.16253
1266,19.4210814%2C-99.1560368
1267,19.4137406%2C-99.1610013
1268,19.4195256%2C-99.162549
1269,19.4195256%2C-99.162549
1270,19.4195256%2C-99.162549
1271,19.4176534%2C-99.1624605
1272,19.4188488%2C-99.1613324
1273,19.4139923%2C-99.1592154
1274,19.4243182%2C-99.1550102
1275,19.4243182%2C-99.1550102
1276,19.4173639%2C-99.1594532
1277,19.4155552%2C-99.1615919
1278,19.4195256%2C-99.162549
1279,19.4356338%2C-99.1495107
1280,19.4195256%2C-99.162549
1281,19.4245959%2C-99.157884
1282,19.4195256%2C-99.162549
1283,19.4148447%2C-99.1602414
1284,19.4127648%2C-99.1605674
1285,19.415%2C-99.163
1286,19.421304%2C-99.1666543
1287,19.4047228%2C-99.1693665
1288,19.4148447%2C-99.1602414
1289,19.4147532%2C-99.1605853
1290,19.4195256%2C-99.162549
1291,19.4115632%2C-99.1605358
1292,19.4356338%2C-99.1495107
1293,19.4173639%2C-99.1594532
1294,19.4195256%2C-99.162549
1295,19.4195256%2C-99.162549
1296,19.4195256%2C-99.162549
1297,19.4160872%2C-99.1653105
1298,19.4195256%2C-99.162549
1299,19.4168211%2C-99.1596475
1300,19.4183483%2C-99.1633695
1301,19.4173639%2C-99.1594532
1302,19.4356338%2C-99.1495107
1303,19.4361214%2C-99.1504741
1304,19.4195256%2C-99.162549
1305,19.4356338%2C-99.1495107
1306,19.4195256%2C-99.162549
1307,19.420904%2C-99.1559089
1308,19.4195256%2C-99.162549
1309,19.4195256%2C-99.162549
1310,19.4195256%2C-99.162549
1311,19.4195256%2C-99.162549
1312,19.4195256%2C-99.162549
1313,19.4195256%2C-99.162549
1314,19.4195256%2C-99.162549
1315,19.420232%2C-99.1696743
1316,19.4148447%2C-99.1602414
1317,19.4147532%2C-99.1605853
1318,19.4115632%2C-99.1605358
1319,19.4173639%2C-99.1594532
1320,19.4356338%2C-99.1495107
1321,19.4361214%2C-99.1499162
1322,19.4173639%2C-99.1594532
1323,19.4195256%2C-99.162549
1324,19.4195256%2C-99.162549
1325,19.4195256%2C-99.162549
1326,19.413747%2C-99.1615559
1327,19.4221343%2C-99.15656
1328,19.4189983%2C-99.1640265
1329,19.4189983%2C-99.1640265
1330,19.4240896%2C-99.1598208
1331,19.4240896%2C-99.1598208
1332,19.419526%2C-99.162549
1333,19.4195256%2C-99.162549
1334,19.4356338%2C-99.1495107
1335,19.4195256%2C-99.162549
1336,19.419526%2C-99.162549
1337,19.419526%2C-99.162549
1338,19.390358%2C-99.168687
1339,19.4195256%2C-99.162549
1340,19.4195256%2C-99.162549
1341,19.4195256%2C-99.162549
1342,19.4195256%2C-99.162549
1343,19.4195256%2C-99.162549
1344,19.420405%2C-99.17167
1345,19.4118188%2C-99.1631624
1346,19.4148447%2C-99.1602414
1347,19.4195256%2C-99.162549
1348,19.4129403%2C-99.1615832
1349,19.4117924%2C-99.1651247
1350,19.419525%2C-99.162549
1351,19.4229547%2C-99.1652534
1352,19.4114785%2C-99.1643187
1353,19.4221155%2C-99.1650541
1354,19.4451%2C-99.1461
1355,19.4091797%2C-99.1632065
1356,19.418153%2C-99.1652014
1357,19.4195256%2C-99.162549
1358,19.4203748%2C-99.168491
1359,19.4195256%2C-99.162549
1360,19.412393%2C-99.156231
1361,19.4195256%2C-99.162549
1362,19.4173639%2C-99.1594532
1363,19.4148447%2C-99.1602414
1364,19.418153%2C-99.1652014
1365,19.4168211%2C-99.1596475
1366,19.419525%2C-99.162549
1367,19.4210814%2C-99.1560368
1368,19.4229547%2C-99.1652534
1369,19.4202688%2C-99.1642694
1370,19.4229547%2C-99.1652534
1371,19.4229547%2C-99.1652534
1372,19.4147924%2C-99.1621247
1373,19.4170874%2C-99.1700435
1374,19.4158401%2C-99.1596792
1375,19.4203437%2C-99.1560889
1376,19.4173639%2C-99.1594532
1377,19.4158401%2C-99.1596792
1378,19.418153%2C-99.1652014
1379,19.4173639%2C-99.1594532
1380,19.4356338%2C-99.1495107
1381,19.4356338%2C-99.1495107
1382,19.4195256%2C-99.162549
1383,19.419526%2C-99.162549
1384,19.418507%2C-99.1649941
1385,19.4195256%2C-99.162549
1386,19.4356338%2C-99.1495107
1387,19.4148447%2C-99.1602414
1388,19.4356338%2C-99.1495107
1389,19.4210999%2C-99.1690795
1390,19.4047228%2C-99.1693665
1391,19.4229547%2C-99.1652534
1392,19.4173639%2C-99.1594532
1393,19.4173639%2C-99.1594532
1394,19.4356338%2C-99.1495107
1395,19.4356338%2C-99.1495107
1396,19.4195256%2C-99.162549
1397,19.4173639%2C-99.1594532
1398,19.4356338%2C-99.1495107
1399,19.4195256%2C-99.162549
1400,19.4356338%2C-99.1495107
1401,19.4356338%2C-99.1495107
1402,19.4356338%2C-99.1495107
1403,19.4356338%2C-99.1495107
1404,19.4195256%2C-99.162549
1405,19.418153%2C-99.1652014
1406,19.4181531%2C-99.1652014
1407,19.413747%2C-99.1615559
1408,19.4356338%2C-99.1495107
1409,19.4181605%2C-99.1584569
1410,19.4189983%2C-99.1640265
1411,19.4173639%2C-99.1594532
1412,19.4173639%2C-99.1594532
1413,19.4173639%2C-99.1594532
1414,19.4148155%2C-99.1603133
1415,19.42064%2C-99.17022
1416,19.4200874%2C-99.1670435
1417,19.4356338%2C-99.1495107
1418,19.4356338%2C-99.1495107
1419,19.4195256%2C-99.162549
1420,19.4109242%2C-99.1651853
1421,19.4189%2C-99.1631
1422,19.4356338%2C-99.1495107
1423,19.419249%2C-99.162167
1424,19.4240896%2C-99.1598208
1425,19.419526%2C-99.162549
1426,19.419526%2C-99.162549
1427,19.4185352%2C-99.1604955
1428,19.4356338%2C-99.1495107
1429,19.418276%2C-99.166438
1430,19.419525%2C-99.162549
1431,19.4195256%2C-99.162549
1432,19.4195256%2C-99.162549
1433,19.4188284%2C-99.1605344
1434,19.4160066%2C-99.1637646
1435,19.41566%2C-99.164933
1436,19.4183108%2C-99.1644718
1437,19.4195256%2C-99.162549
1438,19.4195256%2C-99.162549
1439,19.4195256%2C-99.162549
1440,19.4188284%2C-99.1605344
1441,19.41368%2C-99.1654
1442,19.4192507%2C-99.1741499
1443,19.4193691%2C-99.1743199
1444,19.4195256%2C-99.162549
1445,19.4196366%2C-99.1665661
1446,19.4173108%2C-99.1654718
1447,19.4195256%2C-99.162549
1448,20.9897912%2C-89.6469334
1449,19.4194601%2C-99.1581372
1450,19.4195256%2C-99.162549
1451,19.4137159%2C-99.1662755
1452,19.4195256%2C-99.162549
1453,19.4176534%2C-99.1624605
1454,19.4195256%2C-99.162549
1455,19.4217314%2C-99.160594
1456,19.421948%2C-99.16916
1457,19.4227165%2C-99.1541989
1458,19.418153%2C-99.1652014
1459,19.4168211%2C-99.1596475
1460,19.4202688%2C-99.1642694
1461,19.4148447%2C-99.1602414
1462,19.418153%2C-99.1652014
1463,19.415659%2C-99.164933
1464,19.4143332%2C-99.1595289
1465,19.420087%2C-99.16704
1466,19.4168211%2C-99.1596475
1467,19.418153%2C-99.1652014
1468,19.4150948%2C-99.1583507
1469,19.4195256%2C-99.162549
1470,19.4112713%2C-99.1633655
1471,19.4194601%2C-99.1581372
1472,19.4356338%2C-99.1495107
1473,19.4135853%2C-99.1652162
1474,19.4164496%2C-99.1618624
1475,19.4195256%2C-99.162549
1476,19.4195256%2C-99.162549
1477,19.4189983%2C-99.1640265
1478,19.4218906%2C-99.1684817
1479,19.4195256%2C-99.162549
1480,19.4157572%2C-99.1561936
1481,19.418153%2C-99.1652014
1482,19.419525%2C-99.162549
1483,19.4112559%2C-99.1642982
1484,19.4201278%2C-99.17505
1485,19.414793%2C-99.156543
1486,19.41618%2C-99.163456
1487,19.414091%2C-99.164571
1488,19.4195256%2C-99.162549
1489,19.4173639%2C-99.1594532
1490,19.4173639%2C-99.1594532
1491,19.4173639%2C-99.1594532
1492,19.4356338%2C-99.1495107
1493,19.4195256%2C-99.162549
1494,19.4195256%2C-99.162549
1495,19.4195256%2C-99.162549
1496,19.4181605%2C-99.1584569
1497,19.4356338%2C-99.1495107
1498,19.4201278%2C-99.17505
1499,19.4201278%2C-99.17505
1500,19.4228992%2C-99.1640863
1501,19.4194601%2C-99.1581372
1502,19.413754%2C-99.165467
1503,19.420087%2C-99.167044
1504,19.4193%2C-99.162146
1505,19.4141267%2C-99.1647512
1506,19.4173639%2C-99.1594532
1507,19.4173639%2C-99.1594532
1508,19.4356338%2C-99.1495107
1509,19.4114785%2C-99.1643187
1510,19.4123937%2C-99.1562314
1511,19.4195256%2C-99.162549
1512,19.4195256%2C-99.162549
1513,19.4195256%2C-99.162549
1514,19.4188598%2C-99.167649
1515,19.4195256%2C-99.162549
1516,19.416128%2C-99.161594
1517,19.4168211%2C-99.1596475
1518,19.4043698%2C-99.1636062
1519,19.4159657%2C-99.163205
1520,19.419526%2C-99.162549
1521,19.419526%2C-99.162549
1522,19.417364%2C-99.159453
1523,19.3556277%2C-99.3077015
1524,19.4195256%2C-99.162549
1525,19.4195256%2C-99.162549
1526,19.4356338%2C-99.1495107
1527,19.4356338%2C-99.1495107
1528,19.4188284%2C-99.1605344
1529,19.4195256%2C-99.162549
1530,19.4201278%2C-99.17505
1531,19.4183108%2C-99.1644718
1532,19.4176534%2C-99.1624605
1533,19.4176534%2C-99.1624605
1534,19.419526%2C-99.162549
1535,19.419526%2C-99.162549
1536,19.419526%2C-99.162549
1537,19.419526%2C-99.162549
1538,19.419526%2C-99.162549
1539,19.4201278%2C-99.17505
1540,19.4225813%2C-99.1591505
1541,19.4174243%2C-99.1623716
1542,19.422675%2C-99.1634429
1543,19.4186195%2C-99.1567143
1544,19.4178125%2C-99.1585625
1545,19.4211937%2C-99.157191
1546,19.4127102%2C-99.1601639
1547,19.420405%2C-99.17167
1548,19.4119107%2C-99.159609
1549,19.4196927%2C-99.1560364
1550,19.4207579%2C-99.1653895
1551,19.4211981%2C-99.1726124
1552,19.4158536%2C-99.1604155
1553,19.4239626%2C-99.1609669
1554,19.416902%2C-99.1608338
1555,19.4239626%2C-99.1609669
1556,19.4205083%2C-99.1669138
1557,19.4195256%2C-99.162549
1558,19.4205%2C-99.1715
1559,19.4211981%2C-99.1726124
1560,19.416795%2C-99.16322
1561,19.4119201%2C-99.1666267
1562,19.4149292%2C-99.1596998
1563,19.4239626%2C-99.1609669
1564,19.417933%2C-99.169595
1565,19.4142239%2C-99.1639119
1566,19.4124914%2C-99.1572585
1567,19.4180537%2C-99.1585252
1568,19.4155907%2C-99.1621995
1569,19.413747%2C-99.161555
1570,19.4125049%2C-99.1560507
1571,19.4146547%2C-99.1619063
1572,19.4126181%2C-99.1608245
1573,19.4156973%2C-99.1649402
1574,19.4192176%2C-99.1541182
1575,19.415946%2C-99.1633672
1576,19.4112713%2C-99.1633655
1577,19.418153%2C-99.1652014
1578,19.4205256%2C-99.161549
1579,19.4196971%2C-99.1665131
1580,19.4225256%2C-99.159549
1581,19.418153%2C-99.1652014
1582,19.4143555%2C-99.1578402
1583,19.418153%2C-99.1652014
1584,19.4223875%2C-99.1627512
1585,19.4207579%2C-99.1653895
1586,19.4187351%2C-99.1710228
1587,19.4195256%2C-99.162549
1588,19.4213628%2C-99.1679593
1589,19.4166856%2C-99.1612588
1590,19.2857748%2C-99.2108649
1591,19.4159266%2C-99.1655973
1592,19.4239626%2C-99.1609669
1593,19.418153%2C-99.1652014
1594,19.4194945%2C-99.1547193
1595,19.4197%2C-99.1692
1596,19.4220585%2C-99.1661464
1597,19.4168211%2C-99.1596475
1598,19.4150148%2C-99.1617165
1599,19.4203875%2C-99.1647512
1600,19.414149%2C-99.1645398
1601,19.4168211%2C-99.1596475
1602,19.4224809%2C-99.1609863
1603,19.409876%2C-99.1611948
1604,19.4356338%2C-99.1495107
1605,19.4112713%2C-99.1633655
1606,19.4195256%2C-99.162549
1607,19.4157%2C-99.1649
1608,19.420079%2C-99.167449
1609,19.4228987%2C-99.1552584
1610,19.4124711%2C-99.1562223
1611,19.4156597%2C-99.164933
1612,19.4187681%2C-99.173099
1613,19.4108649%2C-99.1625506
1614,19.4124914%2C-99.1572585
1615,19.4195256%2C-99.162549
1616,19.4200787%2C-99.1674487
1617,19.4356338%2C-99.1495107
1618,19.4346038%2C-99.1483283
1619,19.4195256%2C-99.162549
1620,19.4195256%2C-99.162549
1621,19.4168211%2C-99.1596475
1622,19.4195256%2C-99.162549
1623,19.4195256%2C-99.162549
1624,19.4168211%2C-99.1596475
1625,19.412663%2C-99.157815
1626,19.4168211%2C-99.1596475
1627,19.4195256%2C-99.162549
1628,19.418004%2C-99.155611
1629,19.4173639%2C-99.1594532
1630,19.4356338%2C-99.1495107
1631,19.4195256%2C-99.162549
1632,19.418153%2C-99.1652014
1633,19.418153%2C-99.1652014
1634,19.4195256%2C-99.162549
1635,19.4195256%2C-99.162549
1636,19.4195256%2C-99.162549
1637,19.4190772%2C-99.1748893
1638,19.4239626%2C-99.1609669
1639,19.419526%2C-99.162549
1640,19.419526%2C-99.162549
1641,19.4195256%2C-99.162549
1642,19.4212433%2C-99.1727206
1643,19.4195256%2C-99.162549
1644,19.4195256%2C-99.162549
1645,19.4195256%2C-99.162549
1646,19.4195256%2C-99.162549
1647,19.4195256%2C-99.162549
1648,19.420569%2C-99.1667958
1649,19.4356338%2C-99.1495107
1650,19.4356338%2C-99.1495107
1651,19.4157%2C-99.1649
1652,19.4117092%2C-99.1613624
1653,19.4213628%2C-99.1679593
1654,19.417364%2C-99.159454
1655,19.417364%2C-99.159454
1656,19.419526%2C-99.162549
1657,19.419526%2C-99.162549
1658,19.4195256%2C-99.162549
1659,19.4200787%2C-99.1674487
1660,19.416127%2C-99.16159
1661,19.416372%2C-99.16095
1662,19.4195256%2C-99.162549
1663,19.4191235%2C-99.1646152
1664,19.4195256%2C-99.162549
1665,19.4195256%2C-99.162549
1666,19.4195256%2C-99.162549
1667,19.4356338%2C-99.1495107
1668,19.4356338%2C-99.1495107
1669,19.4205083%2C-99.1669138
1670,19.4133955%2C-99.1544148
1671,19.4239626%2C-99.1609669
1672,19.4239626%2C-99.1609669
1673,19.4243182%2C-99.1550102
1674,19.4243182%2C-99.1550102
1675,19.4356338%2C-99.1495107
1676,19.419526%2C-99.162549
1677,19.419526%2C-99.162549
1678,19.419526%2C-99.162549
1679,19.419526%2C-99.162549
1680,19.4195256%2C-99.162549
1681,19.4195256%2C-99.162549
1682,19.4195256%2C-99.162549
1683,19.4116332%2C-99.1610265
1684,19.4195256%2C-99.162549
1685,19.420904%2C-99.1559
1686,19.4210735%2C-99.1610498
1687,19.413848%2C-99.1615815
1688,19.4114785%2C-99.1643187
1689,19.4133955%2C-99.1544148
1690,19.4149383%2C-99.1592883
1691,19.4135401%2C-99.161661
1692,19.4149803%2C-99.1774462
1693,19.418458%2C-99.1551946
1694,19.4211981%2C-99.1726124
1695,19.4199024%2C-99.1716043
1696,19.4195256%2C-99.162549
1697,19.4239626%2C-99.1609669
1698,19.4195256%2C-99.162549
1699,19.4188488%2C-99.1613324
1700,19.4174243%2C-99.1623716
1701,19.4152831%2C-99.160323
1702,19.4123123%2C-99.1613896
1703,19.413848%2C-99.1615815
1704,19.4143633%2C-99.1578419
1705,19.4213628%2C-99.1679593
1706,19.4195256%2C-99.162549
1707,19.4193691%2C-99.1743199
1708,19.4118691%2C-99.1603636
1709,19.4141843%2C-99.1597255
1710,19.4239626%2C-99.1609669
1711,19.4150517%2C-99.1552927
1712,19.4239626%2C-99.1609669
1713,19.4239626%2C-99.1609669
1714,19.4239626%2C-99.1609669
1715,19.4239626%2C-99.1609669
1716,19.4195256%2C-99.162549
1717,19.4179389%2C-99.162736
1718,19.4168211%2C-99.1596475
1719,19.4239626%2C-99.1609669
1720,19.4112713%2C-99.1633655
1721,19.4084625%2C-99.1638752
1722,19.4214358%2C-99.1704172
1723,19.4141843%2C-99.1597255
1724,19.4239626%2C-99.1609669
1725,19.4198706%2C-99.1695089
1726,19.4211981%2C-99.1726124
1727,19.4079776%2C-99.1693662
1728,19.4211981%2C-99.1726124
1729,19.4170429%2C-99.1546255
1730,19.4219483%2C-99.1689141
1731,19.414149%2C-99.1645398
1732,19.4141843%2C-99.1597255
1733,19.4127033%2C-99.1619273
1734,19.4190442%2C-99.1521664
1735,19.419863%2C-99.1682223
1736,19.4114785%2C-99.1643187
1737,19.4207236%2C-99.1653451
1738,19.4079776%2C-99.1693662
1739,19.4079776%2C-99.1693662
1740,19.413353%2C-99.161956
1741,19.418087%2C-99.1663191
1742,19.4190415%2C-99.1683405
1743,19.4195256%2C-99.162549
1744,19.4232144%2C-99.1543002
1745,19.4195256%2C-99.162549
1746,19.4148447%2C-99.1602414
1747,19.4156973%2C-99.1649402
1748,19.4200002%2C-99.1658976
1749,19.4127688%2C-99.1605683
1750,19.4175256%2C-99.164549
1751,19.4150948%2C-99.1583507
1752,19.418153%2C-99.1652014
1753,19.4195256%2C-99.162549
1754,19.4174221%2C-99.1719527
1755,19.4195256%2C-99.162549
1756,19.4166856%2C-99.1612588
1757,19.4114785%2C-99.1643187
1758,19.418153%2C-99.1652014
1759,19.4060049%2C-99.1554578
1760,19.4123327%2C-99.1623704
1761,19.4114785%2C-99.1643187
1762,19.4166856%2C-99.1612588
1763,19.4184%2C-99.1656
1764,19.4222207%2C-99.1595723
1765,19.4186168%2C-99.1585712
1766,19.4211981%2C-99.1726124
1767,19.415946%2C-99.1633672
1768,19.4195962%2C-99.1740724
1769,19.2850976%2C-99.2180633
1770,19.4211981%2C-99.1726124
1771,19.41751%2C-99.1595999
1772,19.4160066%2C-99.1637646
1773,19.4170429%2C-99.1546255
1774,19.4166856%2C-99.1612588
1775,19.4195256%2C-99.162549
1776,19.4147222%2C-99.1558333
1777,19.4112706%2C-99.1633664
1778,19.4239626%2C-99.1609669
1779,19.414067%2C-99.157535
1780,19.4192731%2C-99.1657347
1781,19.4149383%2C-99.1592883
1782,19.4181605%2C-99.1584569
1783,19.4195256%2C-99.162549
1784,19.4174203%2C-99.162391
1785,19.4205299%2C-99.1655733
1786,19.4137323%2C-99.1632982
1787,19.4278822%2C-99.1713153
1788,19.4158401%2C-99.1596792
1789,19.418153%2C-99.1652014
1790,19.4134711%2C-99.1552223
1791,19.4167969%2C-99.1555784
1792,19.4129546%2C-99.1550058
1793,19.418153%2C-99.1652014
1794,19.4114785%2C-99.1643187
1795,19.436631%2C-99.15081
1796,19.4170009%2C-99.1546232
1797,19.4068747%2C-99.1633599
1798,19.4127688%2C-99.1605683
1799,19.412346%2C-99.1627985
1800,19.4191%2C-99.1588
1801,19.4213891%2C-99.169012
1802,19.4193108%2C-99.1634718
1803,19.4218675%2C-99.1636483
1804,19.418153%2C-99.1652014
1805,19.4164496%2C-99.1618624
1806,19.4044416%2C-99.1626881
1807,19.414067%2C-99.157535
1808,19.4150948%2C-99.1583507
1809,19.4195256%2C-99.162549
1810,19.4195256%2C-99.162549
1811,19.4174221%2C-99.1719527
1812,19.438631%2C-99.14881
1813,19.4137323%2C-99.1632982
1814,19.4233875%2C-99.1617512
1815,19.4150167%2C-99.161708
1816,19.4159266%2C-99.1655973
1817,19.418153%2C-99.1652014
1818,19.4196164%2C-99.1740831
1819,19.4164496%2C-99.1618624
1820,19.4134711%2C-99.1552223
1821,19.4150148%2C-99.1617165
1822,19.4243182%2C-99.1550102
1823,19.4195256%2C-99.162549
1824,19.4245492%2C-99.1583298
1825,19.4164496%2C-99.1618624
1826,19.4164496%2C-99.1618624
1827,19.4112706%2C-99.1633664
1828,19.427296%2C-99.15459
1829,19.4188488%2C-99.1613324
1830,19.418011%2C-99.1557064
1831,19.4190772%2C-99.1748893
1832,19.4150148%2C-99.1617165
1833,19.4218906%2C-99.1684817
1834,19.4195256%2C-99.162549
1835,19.4160311%2C-99.1632189
1836,19.4164496%2C-99.1618624
1837,19.4164496%2C-99.1618624
1838,19.4195256%2C-99.162549
1839,19.4218675%2C-99.1636483
1840,19.4243182%2C-99.1550102
1841,19.4124955%2C-99.1577268
1842,19.4156597%2C-99.164933
1843,19.4195256%2C-99.162549
1844,19.4181531%2C-99.1652014
1845,19.413034%2C-99.161477
1846,19.4195256%2C-99.162549
1847,19.4159266%2C-99.1655973
1848,19.4245492%2C-99.1583298
1849,19.4129194%2C-99.1485744
1850,19.4104711%2C-99.1582223
1851,19.4154711%2C-99.1532223
1852,19.4195256%2C-99.162549
1853,19.4130341%2C-99.1614773
1854,19.4130341%2C-99.1614773
1855,19.4356338%2C-99.1495107
1856,19.4182157%2C-99.1554664
1857,19.413034%2C-99.161477
1858,19.4166856%2C-99.1612588
1859,19.4164496%2C-99.1618624
1860,19.4164496%2C-99.1618624
1861,19.4164496%2C-99.1618624
1862,19.4144711%2C-99.1542223
1863,19.4164496%2C-99.1618624
1864,19.4245399%2C-99.1573797
1865,19.4116332%2C-99.1610265
1866,19.4124955%2C-99.1577268
1867,19.4124955%2C-99.1577268
1868,19.4189983%2C-99.1640265
1869,19.4156597%2C-99.164933
1870,19.0926383%2C-98.9948787
1871,19.4206466%2C-99.170547
1872,19.4129194%2C-99.1485744
1873,19.4164496%2C-99.1618624
1874,19.4164496%2C-99.1618624
1875,19.4134711%2C-99.1552223
1876,19.4164496%2C-99.1618624
1877,19.4164496%2C-99.1618624
1878,19.42186%2C-99.163648
1879,19.4124955%2C-99.1577268
1880,19.4124955%2C-99.1577268
1881,19.4124955%2C-99.1577268
1882,19.4159657%2C-99.163205
1883,19.419526%2C-99.162549
1884,19.419526%2C-99.162549
1885,19.4202688%2C-99.1642694
1886,19.4356338%2C-99.1495107
1887,19.4163583%2C-99.1633543
1888,19.4193691%2C-99.1743199
1889,19.4356338%2C-99.1495107
1890,19.4114263%2C-99.1643063
1891,19.4130341%2C-99.1614773
1892,19.4150148%2C-99.1617165
1893,19.4004616%2C-99.1700712
1894,19.4202688%2C-99.1642694
1895,19.4124955%2C-99.1577268
1896,19.4124955%2C-99.1577268
1897,19.419526%2C-99.162549
1898,19.419526%2C-99.162549
1899,19.419526%2C-99.162549
1900,19.419526%2C-99.162549
1901,19.419526%2C-99.162549
1902,19.419526%2C-99.162549
1903,19.419526%2C-99.162549
1904,19.419526%2C-99.162549
1905,19.419526%2C-99.162549
1906,19.4124711%2C-99.1562223
1907,19.421867%2C-99.16364
1908,19.4195256%2C-99.162549
1909,19.4195256%2C-99.162549
1910,19.4114263%2C-99.1643063
1911,19.4175921%2C-99.1722728
1912,19.4144296%2C-99.1628615
1913,19.4245492%2C-99.1583298
1914,19.4163662%2C-99.1559193
1915,19.4164082%2C-99.1575673
1916,19.420564%2C-99.173463
1917,19.4164374%2C-99.1663948
1918,19.4195256%2C-99.162549
1919,19.4150948%2C-99.1583507
1920,19.4356338%2C-99.1495107
1921,19.4195256%2C-99.162549
1922,19.4153848%2C-99.1619716
1923,19.4120407%2C-99.1634431
1924,19.4156973%2C-99.1649402
1925,19.418153%2C-99.1652014
1926,19.424399%2C-99.1589368
1927,19.4149369%2C-99.1590417
1928,19.4188488%2C-99.1613324
1929,19.411271%2C-99.163366
1930,19.419244%2C-99.174133
1931,19.4130066%2C-99.1667646
1932,19.4168211%2C-99.1596475
1933,19.4202%2C-99.1575
1934,19.4211981%2C-99.1726124
1935,19.4229352%2C-99.159403
1936,19.4160417%2C-99.1630279
1937,19.4150948%2C-99.1583507
1938,19.4259362%2C-99.168302
1939,19.413759%2C-99.1609
1940,19.421126%2C-99.162892
1941,19.4145108%2C-99.1580686
1942,19.4185174%2C-99.1613449
1943,19.4184822%2C-99.1614643
1944,19.418153%2C-99.1652014
1945,19.422147%2C-99.159086
1946,19.401785%2C-99.168802
1947,19.4184178%2C-99.1707028
1948,28.3907933%2C-106.8730065
1949,19.4127033%2C-99.1619273
1950,19.421917%2C-99.1693212
1951,19.4088603%2C-99.1667083
1952,19.4127217%2C-99.1581666
1953,19.418614%2C-99.1647729
1954,19.411479%2C-99.164319
1955,19.4212364%2C-99.1726635
1956,19.4201%2C-99.1674
1957,19.4176534%2C-99.1624605
1958,19.415682%2C-99.1585532
1959,19.423963%2C-99.160967
1960,19.4356338%2C-99.1495107
1961,19.4125733%2C-99.1554097
1962,19.4145108%2C-99.1580686
1963,19.4126636%2C-99.1571381
1964,19.4138234%2C-99.1655017
1965,19.4218158%2C-99.1693856
1966,19.4153499%2C-99.1582168
1967,19.4171982%2C-99.1555016
1968,19.4156937%2C-99.1579158
1969,19.4156937%2C-99.1579158
1970,19.421863%2C-99.16916
1971,19.4200787%2C-99.1674487
1972,19.418497%2C-99.159065
1973,19.3994425%2C-99.1221351
1974,19.4181%2C-99.1663
1975,19.4218968%2C-99.1693856
1976,19.4114263%2C-99.1643063
1977,19.4195256%2C-99.162549
1978,19.418153%2C-99.1652014
1979,19.418614%2C-99.1647729
1980,19.4165297%2C-99.1656371
1981,19.4200787%2C-99.1674487
1982,19.4218158%2C-99.1693856
1983,19.419525%2C-99.162549
1984,19.4195256%2C-99.162549
1985,19.4202688%2C-99.1642694
1986,19.3727436%2C-99.0356886
1987,19.419526%2C-99.162549
1989,19.419526%2C-99.162549
1990,19.4195256%2C-99.162549
1991,19.4219017%2C-99.1635997
1992,19.4200787%2C-99.1674487
1993,19.4195256%2C-99.162549
1994,19.418153%2C-99.1652014
1995,19.418153%2C-99.1652014
1996,19.4200787%2C-99.1674487
1997,19.4245492%2C-99.1583298
1998,19.4184822%2C-99.1614643
1999,19.4196971%2C-99.1665131
2000,19.4189983%2C-99.1640265
2001,19.4150948%2C-99.1583507
2002,19.4159034%2C-99.1579013
2003,19.419526%2C-99.162549
2004,19.419526%2C-99.162549
2005,19.4202688%2C-99.1642694
2006,19.4188284%2C-99.1605344
2007,19.4170738%2C-99.1609815
2008,19.417364%2C-99.159454
2009,19.417364%2C-99.159454
2010,19.419526%2C-99.162549
2011,19.419526%2C-99.162549
2012,19.419526%2C-99.162549
2013,19.3549832%2C-99.1849698
2014,19.4114263%2C-99.1643063
2015,19.3994578%2C-99.1614734
2016,19.411165%2C-99.1641457
